_id,session_id,user_id,task_id,session_start_time,session_end_time,__v
65fb3e71eddf897ea3091a8d,a27bf979-97ed-489d-8dcd-cd1dfb4fc0ab,4edf0ff5-b5aa-4957-9431-4fbf4cacaf6a,task1,2024-03-20 19:50:31,2024-03-20 19:52:17.481,0
65fb3f75eddf897ea3091a95,cc13e90f-8d51-4686-9580-8b18b56f7802,4edf0ff5-b5aa-4957-9431-4fbf4cacaf6a,task2,2024-03-20 19:55:35,2024-03-20 19:56:37.666,0
65fb3ffaeddf897ea3091a9d,02e846b3-55dc-4713-a2d8-f144295d2657,4edf0ff5-b5aa-4957-9431-4fbf4cacaf6a,task4,2024-03-20 19:57:42,2024-03-20 19:58:50.068,0
65fb404aeddf897ea3091aa5,f78d2301-5d15-4393-a778-d04276901baa,4edf0ff5-b5aa-4957-9431-4fbf4cacaf6a,task3,2024-03-20 19:59:26,2024-03-20 20:00:10.370,0
65fb541d72a34e612b78e6f3,26dcc03b-a604-4d6c-9c01-cc072cb18e31,e0711a26-c616-463c-9b05-f0afaf871f31,task2,2024-03-20 21:23:11,2024-03-20 21:24:45.194,0
65fb55c072a34e612b78e6ff,c028d42f-a486-4837-820b-09d11907e677,e0711a26-c616-463c-9b05-f0afaf871f31,task3,2024-03-20 21:28:19,2024-03-20 21:31:44.024,0
65fb587972a34e612b78e70b,70a21323-dfc8-4d81-ace2-c43dd72c6be9,e0711a26-c616-463c-9b05-f0afaf871f31,task1,2024-03-20 21:33:55,2024-03-20 21:43:21.668,0
65fb5a8172a34e612b78e71b,ab2010e6-bfb6-40a5-86af-c0fdd74c5979,e0711a26-c616-463c-9b05-f0afaf871f31,task4,2024-03-20 21:46:09,2024-03-20 21:52:01.200,0
65fbd58cbfa874c7f4238cd5,77b27376-0bc9-427f-97ac-a13a6974e6da,15c09788-9078-4e28-9ec0-91d634c5b9ca,task3,2024-03-21 06:31:45,2024-03-21 06:37:01.219,0
65fbd85bbfa874c7f4238ce3,c9c2a626-e7e3-4ac8-bfb9-33eef5cec0cd,15c09788-9078-4e28-9ec0-91d634c5b9ca,task4,2024-03-21 06:43:30,2024-03-21 06:48:59.243,0
65fbd9f9bfa874c7f4238cef,baf15b6d-a11d-4f5e-9f20-a9172965568a,15c09788-9078-4e28-9ec0-91d634c5b9ca,task2,2024-03-21 06:51:54,2024-03-21 06:55:53.086,0
65fbda85bfa874c7f4238cfb,249c1d74-8bec-4e93-8eb5-1e54dd463aed,15c09788-9078-4e28-9ec0-91d634c5b9ca,task1,2024-03-21 06:56:42,2024-03-21 06:58:13.700,0
65fbe424b5085a8eea447501,e3e1c5d4-40d5-4e64-8bba-c9cda4923738,34f7c191-ff70-407c-b818-49e35cbb068f,task4,2024-03-21 07:37:29,2024-03-21 07:39:16.488,0
65fbe4c5b5085a8eea44750b,0e4dc1a8-d695-4dc2-aa12-0e384fdfb65d,34f7c191-ff70-407c-b818-49e35cbb068f,task1,2024-03-21 07:41:07,2024-03-21 07:41:57.082,0
65fbe5b5b5085a8eea447519,bc9fc17b-7719-4ddd-8f62-b119e178f1fa,34f7c191-ff70-407c-b818-49e35cbb068f,task3,2024-03-21 07:43:43,2024-03-21 07:45:57.653,0
65fbe68ab5085a8eea447521,e46ed73b-23a6-4185-84ce-9e0a5f82c2e6,34f7c191-ff70-407c-b818-49e35cbb068f,task2,2024-03-21 07:48:40,2024-03-21 07:49:30.134,0
65fbecc155a41b477058a74b,d74dd6cf-dfff-4ab3-a496-7def3c44ae98,2fbf76df-1101-4ac6-b75b-f49df2266232,task1,2024-03-21 08:15:13,2024-03-21 08:16:00.595,0
65fbee6155a41b477058a755,f5792c62-e6b5-47d8-8777-3eabe57aac11,2fbf76df-1101-4ac6-b75b-f49df2266232,task2,2024-03-21 08:21:41,2024-03-21 08:22:57.281,0
65fbefd655a41b477058a764,2bcb89d9-78fb-4a54-b6a7-6f19cb7dc791,2fbf76df-1101-4ac6-b75b-f49df2266232,task4,2024-03-21 08:24:36,2024-03-21 08:29:09.668,0
65fbf01755a41b477058a768,f67f8cba-3650-4552-bf99-6384412581a1,fe53df51-c33e-4114-986c-c9efcca99259,task2,2024-03-21 08:26:15,2024-03-21 08:30:14.309,0
65fbf23155a41b477058a774,6bba4de7-877c-434b-b6a6-def508442b25,fe53df51-c33e-4114-986c-c9efcca99259,task3,2024-03-21 08:32:07,2024-03-21 08:39:12.515,0
65fbf32b55a41b477058a78a,a5cd2ab1-a390-4f15-b130-dc96e1f88186,2fbf76df-1101-4ac6-b75b-f49df2266232,task3,2024-03-21 08:39:39,2024-03-21 08:43:22.295,0
65fbf46f55a41b477058a794,46344b5b-4d61-4c2d-b681-4b61c7698dbb,fe53df51-c33e-4114-986c-c9efcca99259,task1,2024-03-21 08:41:54,2024-03-21 08:48:46.181,0
65fbf71155a41b477058a79c,6fa6d496-756a-4721-9b64-45b8c99de03f,fe53df51-c33e-4114-986c-c9efcca99259,task4,2024-03-21 08:52:48,2024-03-21 09:00:00.001,0
65fc01fc0b43e64c1851bdcd,15b8d2d6-3232-43d6-adcb-eef42ae7f8eb,525d6692-2c89-4871-b945-28f5d35a789b,task4,2024-03-21 09:44:50,2024-03-21 09:46:35.858,0
65fc02650b43e64c1851bdd5,79585f74-1396-4770-908a-52cfc15eb79c,525d6692-2c89-4871-b945-28f5d35a789b,task1,2024-03-21 09:47:55,2024-03-21 09:48:21.552,0
65fc030e0b43e64c1851bddd,0321bb40-7826-4ae6-9a0b-0aabc1ddd73a,525d6692-2c89-4871-b945-28f5d35a789b,task3,2024-03-21 09:50:59,2024-03-21 09:51:10.097,0
65fc03a80b43e64c1851bde5,1185862b-0795-42df-b50f-72bcd9a30f14,525d6692-2c89-4871-b945-28f5d35a789b,task2,2024-03-21 09:53:36,2024-03-21 09:53:43.998,0
65fc0e2ea7cb0f6660550c42,325ed10f-5e6d-4da8-adea-3bdfd78db34b,d235cab9-2a67-4667-8857-a51566cffaf7,task1,2024-03-21 10:36:19,2024-03-21 10:38:38.185,0
65fc0e4ca7cb0f6660550c4a,325ed10f-5e6d-4da8-adea-3bdfd78db34b,d235cab9-2a67-4667-8857-a51566cffaf7,task1,2024-03-21 10:36:19,2024-03-21 10:39:08.242,0
65fc0f15a7cb0f6660550c58,3b814de0-f166-400d-a7d5-3e783f577ef1,d235cab9-2a67-4667-8857-a51566cffaf7,task2,2024-03-21 10:40:47,2024-03-21 10:42:29.601,0
65fc0fa3a7cb0f6660550c66,00ca6fa9-091d-4d30-845f-53c8fb9897df,d235cab9-2a67-4667-8857-a51566cffaf7,task4,2024-03-21 10:43:49,2024-03-21 10:44:51.002,0
65fc10a1a7cb0f6660550c74,a734ed48-1506-4549-83ea-849d2f01630d,d235cab9-2a67-4667-8857-a51566cffaf7,task3,2024-03-21 10:47:32,2024-03-21 10:49:05.075,0
65fc26ce7c343b1278a82a13,1d394a57-590c-4f35-9a37-34ec1b5688ac,7c2b4159-df97-40a1-8376-23df2a4711ba,task2,2024-03-21 12:19:24,2024-03-21 12:23:41.499,0
65fc27f37c343b1278a82a23,b49e33d6-2cb5-45f2-801b-cf791c567a93,7c2b4159-df97-40a1-8376-23df2a4711ba,task3,2024-03-21 12:24:54,2024-03-21 12:28:34.894,0
65fc289d7c343b1278a82a2f,32df3647-2a4a-4f87-af6c-4b3900047fec,7c2b4159-df97-40a1-8376-23df2a4711ba,task1,2024-03-21 12:29:40,2024-03-21 12:31:24.778,0
65fc2c7c7c343b1278a82a3b,06ed5ae9-c290-48f2-acb3-1004528c1c49,7c2b4159-df97-40a1-8376-23df2a4711ba,task4,2024-03-21 12:32:08,2024-03-21 12:47:55.766,0
65fc39ab9794d7470f140993,5a577d2d-110b-4a4f-a6b7-2d4aeaa3cf5a,d80ef3e3-ebb7-40a5-9ce1-812e754809aa,task3,2024-03-21 13:29:22,2024-03-21 13:44:11.353,0
65fc3d0b9794d7470f14099b,e75ae1f0-b058-4516-bc56-5f1094e05d1d,d80ef3e3-ebb7-40a5-9ce1-812e754809aa,task4,2024-03-21 13:53:20,2024-03-21 13:58:35.470,0
65fc3fdd9794d7470f1409a7,7a0af744-1f59-4331-9a53-376048678915,d80ef3e3-ebb7-40a5-9ce1-812e754809aa,task2,2024-03-21 14:05:14,2024-03-21 14:10:37.346,0
65fc40d89794d7470f1409af,b1cf5548-15d3-481d-9a57-0417f01c9a66,d80ef3e3-ebb7-40a5-9ce1-812e754809aa,task1,2024-03-21 14:11:30,2024-03-21 14:14:48.804,0
65fc5482e39a158fac2806a1,38d7b272-f6b9-4459-86bc-d1accd5af63d,c5902c7b-a503-4f84-9636-0676d4234518,task4,2024-03-21 15:37:02,2024-03-21 15:38:41.671,0
65fc555be39a158fac2806ab,479c370f-48ba-4caf-9b80-318896576cb5,c5902c7b-a503-4f84-9636-0676d4234518,task1,2024-03-21 15:41:45,2024-03-21 15:42:19.203,0
65fc55d8e39a158fac2806b3,0debeafc-7787-47c5-a693-77234a77d33c,c5902c7b-a503-4f84-9636-0676d4234518,task3,2024-03-21 15:43:27,2024-03-21 15:44:23.396,0
65fc5638e39a158fac2806bb,efd22d80-5dd3-42ac-a165-05aca9bf0743,c5902c7b-a503-4f84-9636-0676d4234518,task2,2024-03-21 15:45:08,2024-03-21 15:45:59.603,0
65fd524a7d88869ed14fdc35,8b045794-a30d-46e7-84b4-1c63bd5ecaff,8331280f-4b3b-4285-8158-35a2fc40b5df,task2,2024-03-22 09:38:12,2024-03-22 09:41:30.751,0
65fd531e7d88869ed14fdc41,f6ac68fe-13f6-458f-b4a6-077f1768ffac,8331280f-4b3b-4285-8158-35a2fc40b5df,task3,2024-03-22 09:42:38,2024-03-22 09:45:01.984,0
65fd53a37d88869ed14fdc45,f6ac68fe-13f6-458f-b4a6-077f1768ffac,8331280f-4b3b-4285-8158-35a2fc40b5df,task3,2024-03-22 09:42:38,2024-03-22 09:47:15.443,0
65fd54507d88869ed14fdc51,e58dc328-5d9e-45b1-8698-efcc8edb1ae1,8331280f-4b3b-4285-8158-35a2fc40b5df,task1,2024-03-22 09:48:34,2024-03-22 09:50:08.043,0
65fd55247d88869ed14fdc5b,af5d9617-6901-4bf2-908c-e0b3466ff686,8331280f-4b3b-4285-8158-35a2fc40b5df,task4,2024-03-22 09:51:56,2024-03-22 09:53:39.858,0
65fd55e97d88869ed14fdc6b,b9dbb5a3-6895-45f7-87ca-f29bdc2808e9,688dc852-0a3a-4a45-a330-da102bc628ef,task1,2024-03-22 09:55:07,2024-03-22 09:56:57.402,0
65fd567c7d88869ed14fdc73,dd3d9e38-e278-4b7e-b36e-51d29b357528,688dc852-0a3a-4a45-a330-da102bc628ef,task2,2024-03-22 09:58:51,2024-03-22 09:59:24.086,0
65fd56ae7d88869ed14fdc7b,bd3481b3-d0cf-45b7-ab53-49cdd7c9b7a5,688dc852-0a3a-4a45-a330-da102bc628ef,task4,2024-03-22 09:59:53,2024-03-22 10:00:14.148,0
65fd573a7d88869ed14fdc83,03525390-8e6c-4231-9b98-b2273fd107f4,688dc852-0a3a-4a45-a330-da102bc628ef,task3,2024-03-22 10:01:48,2024-03-22 10:02:34.343,0
65fd5d72d4a80ca04989be96,dc084051-8466-49cd-acfe-6cb812870f8f,83dc2ca4-3ff9-4ee4-9aa0-c27b994a4e07,task3,2024-03-22 10:28:04,2024-03-22 10:29:07.052,0
65fd5e52d4a80ca04989bea0,285840b7-f3f1-43c9-9da2-e5ac1bdbcfa6,83dc2ca4-3ff9-4ee4-9aa0-c27b994a4e07,task4,2024-03-22 10:30:45,2024-03-22 10:32:51.811,0
65fd5eb3d4a80ca04989bea4,285840b7-f3f1-43c9-9da2-e5ac1bdbcfa6,83dc2ca4-3ff9-4ee4-9aa0-c27b994a4e07,task4,2024-03-22 10:30:45,2024-03-22 10:34:28.854,0
65fd5f35d4a80ca04989beae,0cb04c0e-8429-4df8-b081-da29ba66b05e,83dc2ca4-3ff9-4ee4-9aa0-c27b994a4e07,task2,2024-03-22 10:35:56,2024-03-22 10:36:38.380,0
65fd5fb9d4a80ca04989beb6,84fe034f-4d80-4dd1-9021-764cc63088ec,83dc2ca4-3ff9-4ee4-9aa0-c27b994a4e07,task1,2024-03-22 10:37:18,2024-03-22 10:38:50.012,0
65fef88c8808b5e176f86250,718ebf07-2849-42f3-bfd0-f66bae677e39,9ce6999c-15de-45d1-a192-52b826bb7129,task4,2024-03-23 15:41:36,2024-03-23 15:43:08.797,0
65fef8d58808b5e176f8625a,29cd3b97-3c30-4644-a1e1-41e5d7afed7b,b1622f74-6811-4815-9cd7-fb0e5fc11ec6,task1,2024-03-23 15:41:32,2024-03-23 15:44:20.934,0
65fef9168808b5e176f86260,718ebf07-2849-42f3-bfd0-f66bae677e39,9ce6999c-15de-45d1-a192-52b826bb7129,task4,2024-03-23 15:41:36,2024-03-23 15:45:26.712,0
65fef9e18808b5e176f8626e,11fd19d4-e4f2-4319-9c9e-4e3308c00b2c,b1622f74-6811-4815-9cd7-fb0e5fc11ec6,task2,2024-03-23 15:47:48,2024-03-23 15:48:49.434,0
65fefa6b8808b5e176f8627e,c9f462fc-7818-43c1-b73c-3f72b516061e,9ce6999c-15de-45d1-a192-52b826bb7129,task1,2024-03-23 15:48:56,2024-03-23 15:51:07.260,0
65fefa818808b5e176f86282,a8c93559-de59-44c6-8958-2459076149ca,b1622f74-6811-4815-9cd7-fb0e5fc11ec6,task4,2024-03-23 15:49:32,2024-03-23 15:51:29.726,0
65fefb388808b5e176f86290,ec1c1412-f3ea-4eff-8277-dd5c7203fcbe,9ce6999c-15de-45d1-a192-52b826bb7129,task3,2024-03-23 15:54:11,2024-03-23 15:54:32.570,0
65fefb6e8808b5e176f86294,5ad7cd70-4639-40fd-9fc1-e0cbdf5b56d3,b1622f74-6811-4815-9cd7-fb0e5fc11ec6,task3,2024-03-23 15:54:13,2024-03-23 15:55:25.998,0
65fefbf88808b5e176f862a4,5671cdee-1075-469b-8b92-89cbd7af72a1,9ce6999c-15de-45d1-a192-52b826bb7129,task2,2024-03-23 15:56:45,2024-03-23 15:57:44.715,0
65fffa1cc88a726268bec2ba,44a6f91c-ea2d-4ce8-982b-edfb4be4a74f,8e9abc21-7629-498f-a17f-8775ef5f0387,task1,2024-03-24 09:59:35,2024-03-24 10:02:03.909,0
65fffae8c88a726268bec2c2,b9fa1167-5c91-4e1b-af83-fc04728def63,8e9abc21-7629-498f-a17f-8775ef5f0387,task2,2024-03-24 10:04:29,2024-03-24 10:05:27.402,0
65fffb87c88a726268bec2ca,9048d519-5e00-4eca-bbd7-c49990fe9661,8e9abc21-7629-498f-a17f-8775ef5f0387,task4,2024-03-24 10:06:18,2024-03-24 10:08:06.980,0
65fffcb8c88a726268bec2d2,23ddc93a-b8fc-4d2e-961e-a37625ab2de5,8e9abc21-7629-498f-a17f-8775ef5f0387,task3,2024-03-24 10:11:42,2024-03-24 10:13:04.225,0
65fffcb8c88a726268bec2d4,23ddc93a-b8fc-4d2e-961e-a37625ab2de5,8e9abc21-7629-498f-a17f-8775ef5f0387,task3,2024-03-24 10:11:42,2024-03-24 10:13:11.091,0
66000222e6ccc62f82a3227f,21aa356a-3a1c-43fd-8bcf-04f5027deb60,b317fef8-c92f-4535-bd04-c19a522b55cb,task2,2024-03-24 10:31:46,2024-03-24 10:36:17.666,0
66000589e6ccc62f82a3228d,1c4c4288-1bea-43c9-89f8-0372b5842ba0,b317fef8-c92f-4535-bd04-c19a522b55cb,task3,2024-03-24 10:41:43,2024-03-24 10:50:48.075,0
660006fee6ccc62f82a32297,b6145f17-502b-4c05-aa19-4a8d5ec1b841,b317fef8-c92f-4535-bd04-c19a522b55cb,task1,2024-03-24 10:53:35,2024-03-24 10:57:01.597,0
66000831e6ccc62f82a322a1,7a54c49b-54a7-471d-9016-b1a725a79116,b317fef8-c92f-4535-bd04-c19a522b55cb,task4,2024-03-24 10:59:51,2024-03-24 11:02:08.600,0
660019b858ea0c299cd8fff7,47a9e071-ef53-4734-a857-298c17d592e2,b1c82031-919e-4d06-bdcf-d39a5f4fd571,task3,2024-03-24 12:15:25,2024-03-24 12:16:55.631,0
66001a9558ea0c299cd90003,d768ebf3-2bc2-4c61-ba84-59b59496544b,b1c82031-919e-4d06-bdcf-d39a5f4fd571,task4,2024-03-24 12:19:15,2024-03-24 12:20:37.710,0
66001b6558ea0c299cd9000d,19630f6c-485f-4318-a92d-9ba7cf54a308,b1c82031-919e-4d06-bdcf-d39a5f4fd571,task2,2024-03-24 12:22:53,2024-03-24 12:24:05.696,0
66001c5558ea0c299cd90019,368b1efb-d3d0-4f0b-9a25-42ec073754fd,b1c82031-919e-4d06-bdcf-d39a5f4fd571,task1,2024-03-24 12:24:44,2024-03-24 12:28:06.138,0
6600406d6f4f4fb5f1152273,93f6fcb2-81e1-44a6-80ee-6b04149b8dc7,a17a5f47-10ae-4381-bf49-2585e653550b,task1,2024-03-24 15:00:58,2024-03-24 15:02:04.743,0
6600408d6f4f4fb5f1152277,93f6fcb2-81e1-44a6-80ee-6b04149b8dc7,a17a5f47-10ae-4381-bf49-2585e653550b,task1,2024-03-24 15:00:58,2024-03-24 15:02:36.710,0
660041506f4f4fb5f1152281,87b5e91c-58e3-471c-92b1-77d25a23505e,a17a5f47-10ae-4381-bf49-2585e653550b,task2,2024-03-24 15:03:42,2024-03-24 15:05:52.459,0
660043596f4f4fb5f115228f,bd27bea4-5a11-4c42-bfe8-7759d7130878,a17a5f47-10ae-4381-bf49-2585e653550b,task4,2024-03-24 15:08:57,2024-03-24 15:14:33.441,0
6600442a6f4f4fb5f115229f,21949f95-1634-4f6d-8ad0-594b37708e21,a17a5f47-10ae-4381-bf49-2585e653550b,task3,2024-03-24 15:15:49,2024-03-24 15:18:02.401,0
66004e60a660a1f97dc13806,55bb0ba4-aea7-4593-adbe-3e5d93b5674c,e0169200-04bb-4fcf-9412-4fc24dbe0a2d,task4,2024-03-24 14:50:00,2024-03-24 16:01:35.644,0
66005008a660a1f97dc13819,da71eb2b-124e-487c-ba44-745143ba8e00,86127e74-e542-49e9-bb5d-e719361182ec,task2,2024-03-24 16:06:53,2024-03-24 16:08:41.602,0
66005045a660a1f97dc13821,51f9e1b2-3609-4e6a-ab8e-ddc7b3c92fe0,e0169200-04bb-4fcf-9412-4fc24dbe0a2d,task1,2024-03-24 16:08:32,2024-03-24 16:09:40.712,0
66005077a660a1f97dc13829,dc529383-bb7f-42e9-997a-147bce7f2248,86127e74-e542-49e9-bb5d-e719361182ec,task3,2024-03-24 16:09:25,2024-03-24 16:10:32.607,0
6600515fa660a1f97dc13831,e4fc190d-6fc1-4ad7-aad9-a32556392128,86127e74-e542-49e9-bb5d-e719361182ec,task1,2024-03-24 16:12:31,2024-03-24 16:14:24.488,0
660052a1a660a1f97dc13841,7c5724c7-958f-49bd-974e-e0c8b571488c,e0169200-04bb-4fcf-9412-4fc24dbe0a2d,task3,2024-03-24 16:18:14,2024-03-24 16:19:44.273,0
660052daa660a1f97dc13845,7ec69091-6369-4041-b626-a32bba315c34,86127e74-e542-49e9-bb5d-e719361182ec,task4,2024-03-24 16:17:00,2024-03-24 16:20:43.209,0
66005484a660a1f97dc13853,5c8d4a7a-edf6-4af4-8c87-6fdcde573ee3,e0169200-04bb-4fcf-9412-4fc24dbe0a2d,task2,2024-03-24 16:25:09,2024-03-24 16:27:46.851,0
6600566ea660a1f97dc13864,db3f6028-136d-4b4b-85ed-cdcf68d738c7,f478a661-f283-4461-a207-0282dd60744b,task3,2024-03-24 16:35:01,2024-03-24 16:35:56.992,0
660057d5a660a1f97dc1386c,cdbe4cf8-2455-4eb9-940f-bbd201e34ca4,f478a661-f283-4461-a207-0282dd60744b,task4,2024-03-24 16:37:40,2024-03-24 16:41:56.370,0
6600591ca660a1f97dc13874,23cc8e0a-1368-428f-804d-11e770b190ac,f478a661-f283-4461-a207-0282dd60744b,task2,2024-03-24 16:46:22,2024-03-24 16:47:23.433,0
660059e0a660a1f97dc1387c,fbb20260-d053-417f-ae88-53ed4a3f9358,f478a661-f283-4461-a207-0282dd60744b,task1,2024-03-24 16:50:12,2024-03-24 16:50:39.622,0
660092947c5a0351b75b6e6d,6c159c7c-113a-43f3-a4b7-4ea07398b8b5,e3419c1d-008c-49f2-906e-0f96dbfcf42b,task4,2024-03-24 20:52:01,2024-03-24 20:52:38.158,0
660093f07c5a0351b75b6e75,efe5424b-74cb-4c8c-ba83-d0181b1c8421,e3419c1d-008c-49f2-906e-0f96dbfcf42b,task1,2024-03-24 20:57:37,2024-03-24 20:58:26.567,0
660094b77c5a0351b75b6e7d,272ca7ff-8459-4905-b814-db648aa5c424,e3419c1d-008c-49f2-906e-0f96dbfcf42b,task3,2024-03-24 21:00:44,2024-03-24 21:01:45.155,0
660095607c5a0351b75b6e85,a1cb54dd-ebd9-40fa-a49d-1547337f4f7e,e3419c1d-008c-49f2-906e-0f96dbfcf42b,task2,2024-03-24 21:03:03,2024-03-24 21:04:34.634,0
660097c57c5a0351b75b6e96,2facbbb6-0cb5-41d7-b409-b59d05a78852,72fc9bd9-85f5-43e9-9f0b-cb63d3563ac9,task1,2024-03-24 21:13:38,2024-03-24 21:14:47.391,0
6600989b7c5a0351b75b6e9e,8f6b4323-a59c-46dc-8adc-9c24050c91ed,72fc9bd9-85f5-43e9-9f0b-cb63d3563ac9,task2,2024-03-24 21:17:40,2024-03-24 21:18:21.312,0
6600991c7c5a0351b75b6ea6,7190f1c6-6a86-4dad-96d9-463477fbd544,72fc9bd9-85f5-43e9-9f0b-cb63d3563ac9,task4,2024-03-24 21:19:49,2024-03-24 21:20:30.988,0
66009a337c5a0351b75b6eae,22916f33-c688-42d7-8f48-39d0815315f4,72fc9bd9-85f5-43e9-9f0b-cb63d3563ac9,task3,2024-03-24 21:24:21,2024-03-24 21:25:09.544,0
66010be53b5878b5d97b8d30,f73903c3-33d2-49d7-a2c9-8ed496414853,5c270f5f-aeee-4bb6-9815-fda21f68428c,task2,2024-03-25 05:28:21,2024-03-25 05:30:13.738,0
66010c533b5878b5d97b8d34,f73903c3-33d2-49d7-a2c9-8ed496414853,5c270f5f-aeee-4bb6-9815-fda21f68428c,task2,2024-03-25 05:28:21,2024-03-25 05:32:03.368,0
66010cc63b5878b5d97b8d3c,d2a9dbb6-71bc-441e-99e8-8d47d8692921,5c270f5f-aeee-4bb6-9815-fda21f68428c,task3,2024-03-25 05:32:54,2024-03-25 05:33:58.083,0
66010d013b5878b5d97b8d44,5e9ebddd-02d1-49c8-a809-2be0247b3359,5c270f5f-aeee-4bb6-9815-fda21f68428c,task1,2024-03-25 05:34:34,2024-03-25 05:34:57.550,0
66010d703b5878b5d97b8d4c,0d0ea984-ad32-44e5-97ee-a4858a7d30d3,5c270f5f-aeee-4bb6-9815-fda21f68428c,task4,2024-03-25 05:36:19,2024-03-25 05:36:48.616,0
660159a925a2cd6cc4ff7311,a5af08a4-d06b-4388-81e4-30c40b3944bd,f2806838-ff5b-4b7f-b9d8-7c4f1981c65f,task4,2024-03-25 11:00:45,2024-03-25 11:02:00.928,0
660159ef25a2cd6cc4ff7319,a5af08a4-d06b-4388-81e4-30c40b3944bd,f2806838-ff5b-4b7f-b9d8-7c4f1981c65f,task4,2024-03-25 11:00:45,2024-03-25 11:03:11.003,0
66015aa325a2cd6cc4ff7323,e51fed9e-454f-4401-b69b-49c9e3ac59b2,f2806838-ff5b-4b7f-b9d8-7c4f1981c65f,task1,2024-03-25 11:05:38,2024-03-25 11:06:11.447,0
66015b5b25a2cd6cc4ff732d,7f11d93c-893a-4321-b584-63b68bb9ee19,f2806838-ff5b-4b7f-b9d8-7c4f1981c65f,task3,2024-03-25 11:07:49,2024-03-25 11:09:15.293,0
66015bba25a2cd6cc4ff7339,ba9c5267-fdb5-4842-8bf2-36309f918c17,f2806838-ff5b-4b7f-b9d8-7c4f1981c65f,task2,2024-03-25 11:09:58,2024-03-25 11:10:50.232,0
6601608f346ee9723808e5f0,f72acc1d-37c1-4b2b-9581-6260d3c5f59b,5dd39ec5-2da6-4741-b69c-c59a10e3b389,task3,2024-03-25 10:14:36,2024-03-25 11:30:56.456,0
6601773941f2745816d1d121,f72acc1d-37c1-4b2b-9581-6260d3c5f59b,5dd39ec5-2da6-4741-b69c-c59a10e3b389,task3,2024-03-25 10:14:36,2024-03-25 13:07:42.160,0
6601773941f2745816d1d123,f72acc1d-37c1-4b2b-9581-6260d3c5f59b,5dd39ec5-2da6-4741-b69c-c59a10e3b389,task3,2024-03-25 10:14:36,2024-03-25 13:07:26.182,0
6601773941f2745816d1d125,f72acc1d-37c1-4b2b-9581-6260d3c5f59b,5dd39ec5-2da6-4741-b69c-c59a10e3b389,task3,2024-03-25 10:14:36,2024-03-25 13:07:42.488,0
6601773941f2745816d1d129,f72acc1d-37c1-4b2b-9581-6260d3c5f59b,5dd39ec5-2da6-4741-b69c-c59a10e3b389,task3,2024-03-25 10:14:36,2024-03-25 13:07:42.639,0
6601773a41f2745816d1d133,f72acc1d-37c1-4b2b-9581-6260d3c5f59b,5dd39ec5-2da6-4741-b69c-c59a10e3b389,task3,2024-03-25 10:14:36,2024-03-25 13:07:40.104,0
660179cf41f2745816d1d13d,770c7b95-be02-4345-9bd7-f4179c2fe88e,5dd39ec5-2da6-4741-b69c-c59a10e3b389,task4,2024-03-25 13:12:00,2024-03-25 13:19:11.206,0
66017a6141f2745816d1d149,edefeb02-58da-44f1-bdac-d2850175708d,5dd39ec5-2da6-4741-b69c-c59a10e3b389,task2,2024-03-25 13:20:11,2024-03-25 13:21:37.450,0
66017aea41f2745816d1d159,0a3f14e8-4841-4078-a22b-77ad2afe9f64,5dd39ec5-2da6-4741-b69c-c59a10e3b389,task1,2024-03-25 13:22:16,2024-03-25 13:23:54.170,0
66020276cb0643d927663710,70135ba9-bb81-457b-a8f9-70817075474c,d29e7a03-9f25-403b-8641-7517c102ac5a,task1,2024-03-25 23:04:08,2024-03-25 23:05:11.213,0
66020420cb0643d92766371a,e60bfc44-e4ec-4968-a2ad-bfc59cb31f8e,d29e7a03-9f25-403b-8641-7517c102ac5a,task2,2024-03-25 23:09:52,2024-03-25 23:12:17.818,0
6602054fcb0643d927663724,c9642b2c-791b-4194-98f7-9078d1b76cd4,d29e7a03-9f25-403b-8641-7517c102ac5a,task4,2024-03-25 23:13:21,2024-03-25 23:17:20.503,0
660205b9cb0643d92766372e,34d4e0da-eaf8-43c4-940d-9193d670a3b7,d29e7a03-9f25-403b-8641-7517c102ac5a,task3,2024-03-25 23:18:08,2024-03-25 23:19:06.166,0
6602d7f13c91cc59f7d93384,f3593413-e9b8-4665-9890-2fd687711ea0,4d39d30d-9b3f-4d5e-93af-5828a3eadc28,task2,2024-03-26 14:11:37,2024-03-26 14:13:05.864,0
6602d8633c91cc59f7d9338c,33fcbdea-3b7c-4026-9b6e-b85ab2d509ff,4d39d30d-9b3f-4d5e-93af-5828a3eadc28,task3,2024-03-26 14:14:06,2024-03-26 14:14:59.343,0
6602d8a83c91cc59f7d93394,4822e564-fed1-45cc-89fb-eaa0e4c7b313,4d39d30d-9b3f-4d5e-93af-5828a3eadc28,task1,2024-03-26 14:15:33,2024-03-26 14:16:08.071,0
6602d91b3c91cc59f7d9339c,c804c78d-2720-4186-8daa-3219e48c8818,4d39d30d-9b3f-4d5e-93af-5828a3eadc28,task4,2024-03-26 14:16:49,2024-03-26 14:18:03.211,0
66032ec03fd0e82602614c8d,e5217a52-0cbe-40a6-959b-d6171e349a1b,46d11cbc-fd71-4d85-b96c-dc54cf3a823f,task3,2024-03-26 19:40:35,2024-03-26 20:23:23.106,0
66032ec03fd0e82602614c8f,e5217a52-0cbe-40a6-959b-d6171e349a1b,46d11cbc-fd71-4d85-b96c-dc54cf3a823f,task3,2024-03-26 19:40:35,2024-03-26 20:23:23.269,0
66032ec03fd0e82602614c91,e5217a52-0cbe-40a6-959b-d6171e349a1b,46d11cbc-fd71-4d85-b96c-dc54cf3a823f,task3,2024-03-26 19:40:35,2024-03-26 20:23:25.199,0
66032ec03fd0e82602614c93,e5217a52-0cbe-40a6-959b-d6171e349a1b,46d11cbc-fd71-4d85-b96c-dc54cf3a823f,task3,2024-03-26 19:40:35,2024-03-26 20:23:26.170,0
66032ec03fd0e82602614c95,e5217a52-0cbe-40a6-959b-d6171e349a1b,46d11cbc-fd71-4d85-b96c-dc54cf3a823f,task3,2024-03-26 19:40:35,2024-03-26 20:23:18.368,0
66032ec03fd0e82602614c97,e5217a52-0cbe-40a6-959b-d6171e349a1b,46d11cbc-fd71-4d85-b96c-dc54cf3a823f,task3,2024-03-26 19:40:35,2024-03-26 20:23:18.151,0
66032ec03fd0e82602614c99,e5217a52-0cbe-40a6-959b-d6171e349a1b,46d11cbc-fd71-4d85-b96c-dc54cf3a823f,task3,2024-03-26 19:40:35,2024-03-26 20:23:10.364,0
66032ec03fd0e82602614c9b,e5217a52-0cbe-40a6-959b-d6171e349a1b,46d11cbc-fd71-4d85-b96c-dc54cf3a823f,task3,2024-03-26 19:40:35,2024-03-26 20:23:26.383,0
66032ec03fd0e82602614ca3,e5217a52-0cbe-40a6-959b-d6171e349a1b,46d11cbc-fd71-4d85-b96c-dc54cf3a823f,task3,2024-03-26 19:40:35,2024-03-26 20:23:23.426,0
66032ec13fd0e82602614cad,e5217a52-0cbe-40a6-959b-d6171e349a1b,46d11cbc-fd71-4d85-b96c-dc54cf3a823f,task3,2024-03-26 19:40:35,2024-03-26 20:23:23.753,0
66032ec13fd0e82602614cb1,e5217a52-0cbe-40a6-959b-d6171e349a1b,46d11cbc-fd71-4d85-b96c-dc54cf3a823f,task3,2024-03-26 19:40:35,2024-03-26 20:23:24.866,0
66032ec13fd0e82602614cb5,e5217a52-0cbe-40a6-959b-d6171e349a1b,46d11cbc-fd71-4d85-b96c-dc54cf3a823f,task3,2024-03-26 19:40:35,2024-03-26 20:23:26.007,0
66032ec13fd0e82602614cb7,e5217a52-0cbe-40a6-959b-d6171e349a1b,46d11cbc-fd71-4d85-b96c-dc54cf3a823f,task3,2024-03-26 19:40:35,2024-03-26 20:23:23.603,0
66032ec13fd0e82602614cb9,e5217a52-0cbe-40a6-959b-d6171e349a1b,46d11cbc-fd71-4d85-b96c-dc54cf3a823f,task3,2024-03-26 19:40:35,2024-03-26 20:23:24.498,0
66032ec13fd0e82602614cbf,e5217a52-0cbe-40a6-959b-d6171e349a1b,46d11cbc-fd71-4d85-b96c-dc54cf3a823f,task3,2024-03-26 19:40:35,2024-03-26 20:23:14.837,0
66032ec23fd0e82602614cc5,e5217a52-0cbe-40a6-959b-d6171e349a1b,46d11cbc-fd71-4d85-b96c-dc54cf3a823f,task3,2024-03-26 19:40:35,2024-03-26 20:23:23.932,0
66032ec23fd0e82602614cc9,e5217a52-0cbe-40a6-959b-d6171e349a1b,46d11cbc-fd71-4d85-b96c-dc54cf3a823f,task3,2024-03-26 19:40:35,2024-03-26 20:23:17.952,0
66032ec23fd0e82602614ccd,e5217a52-0cbe-40a6-959b-d6171e349a1b,46d11cbc-fd71-4d85-b96c-dc54cf3a823f,task3,2024-03-26 19:40:35,2024-03-26 20:23:22.949,0
66032ec23fd0e82602614cd1,e5217a52-0cbe-40a6-959b-d6171e349a1b,46d11cbc-fd71-4d85-b96c-dc54cf3a823f,task3,2024-03-26 19:40:35,2024-03-26 20:23:25.029,0
66032fbe3fd0e82602614ce6,6510849b-1f70-41f3-9660-ce3e4ca864ee,7a0d8dac-f17f-42c4-8962-ebb9277128ef,task4,2024-03-26 20:25:13,2024-03-26 20:27:43.040,0
660330ab3fd0e82602614cf0,ddba1c0d-e9ac-4f29-aab8-da05513612b2,7a0d8dac-f17f-42c4-8962-ebb9277128ef,task1,2024-03-26 20:30:31,2024-03-26 20:31:40.163,0
660331923fd0e82602614cfa,931d3ae5-82bb-4767-b4e3-d8b5cd229410,7a0d8dac-f17f-42c4-8962-ebb9277128ef,task3,2024-03-26 20:34:41,2024-03-26 20:35:31.316,0
660332073fd0e82602614d04,eecbe602-a897-40af-bd71-98385a86a39c,7a0d8dac-f17f-42c4-8962-ebb9277128ef,task2,2024-03-26 20:37:16,2024-03-26 20:37:28.166,0
